{
  "consumer": {
    "name": "UserConsumer"
  },
  "interactions": [
    {
      "description": "A request to delete a user",
      "key": "7616cf04",
      "pending": false,
      "providerStates": [
        {
          "name": "DELETE Request"
        }
      ],
      "request": {
        "generators": {
          "path": {
            "dataType": "STRING",
            "expression": "/api/users/{id}",
            "type": "ProviderState"
          }
        },
        "headers": {
          "Content-Type": [
            "application/json"
          ]
        },
        "method": "DELETE",
        "path": "/api/users/1"
      },
      "response": {
        "status": 204
      },
      "transport": "http",
      "type": "Synchronous/HTTP"
    },
    {
      "description": "A request to get all users",
      "key": "8ec14958",
      "pending": false,
      "providerStates": [
        {
          "name": "GET ALL Request"
        }
      ],
      "request": {
        "headers": {
          "Content-Type": [
            "application/json"
          ]
        },
        "method": "GET",
        "path": "/api/users"
      },
      "response": {
        "body": {
          "content": [
            {
              "email": "hansel@example.com",
              "firstName": "Hansel",
              "id": 2,
              "lastName": ""
            }
          ],
          "contentType": "application/json; charset=UTF-8",
          "encoded": false
        },
        "headers": {
          "Content-Type": [
            "application/json; charset=UTF-8"
          ]
        },
        "matchingRules": {
          "body": {
            "$": {
              "combine": "AND",
              "matchers": [
                {
                  "match": "type",
                  "max": 2
                }
              ]
            },
            "$[*].email": {
              "combine": "AND",
              "matchers": [
                {
                  "match": "type"
                },
                {
                  "match": "type"
                }
              ]
            },
            "$[*].firstName": {
              "combine": "AND",
              "matchers": [
                {
                  "match": "type"
                },
                {
                  "match": "type"
                }
              ]
            },
            "$[*].id": {
              "combine": "AND",
              "matchers": [
                {
                  "match": "number"
                },
                {
                  "match": "number"
                }
              ]
            },
            "$[*].lastName": {
              "combine": "AND",
              "matchers": [
                {
                  "match": "type"
                },
                {
                  "match": "type"
                }
              ]
            }
          },
          "header": {
            "Content-Type": {
              "combine": "AND",
              "matchers": [
                {
                  "match": "regex",
                  "regex": "application/json(;\\s?charset=[\\w\\-]+)?"
                }
              ]
            }
          }
        },
        "status": 200
      },
      "transport": "http",
      "type": "Synchronous/HTTP"
    },
    {
      "description": "A request to get a user",
      "key": "948c560e",
      "pending": false,
      "providerStates": [
        {
          "name": "GET Request"
        }
      ],
      "request": {
        "generators": {
          "path": {
            "dataType": "STRING",
            "expression": "/api/users/{id}",
            "type": "ProviderState"
          }
        },
        "headers": {
          "Content-Type": [
            "application/json"
          ]
        },
        "method": "GET",
        "path": "/api/users/1"
      },
      "response": {
        "body": {
          "content": {
            "email": "MaggtKlein@example.com",
            "firstName": "Margeret",
            "id": 1,
            "lastName": "Klein"
          },
          "contentType": "application/json; charset=UTF-8",
          "encoded": false
        },
        "headers": {
          "Content-Type": [
            "application/json; charset=UTF-8"
          ]
        },
        "matchingRules": {
          "body": {
            "$.email": {
              "combine": "AND",
              "matchers": [
                {
                  "match": "type"
                }
              ]
            },
            "$.firstName": {
              "combine": "AND",
              "matchers": [
                {
                  "match": "type"
                }
              ]
            },
            "$.id": {
              "combine": "AND",
              "matchers": [
                {
                  "match": "number"
                }
              ]
            },
            "$.lastName": {
              "combine": "AND",
              "matchers": [
                {
                  "match": "type"
                }
              ]
            }
          },
          "header": {
            "Content-Type": {
              "combine": "AND",
              "matchers": [
                {
                  "match": "regex",
                  "regex": "application/json(;\\s?charset=[\\w\\-]+)?"
                }
              ]
            }
          }
        },
        "status": 200
      },
      "transport": "http",
      "type": "Synchronous/HTTP"
    },
    {
      "description": "A request to create a user",
      "key": "c09d9ed4",
      "pending": false,
      "providerStates": [
        {
          "name": "POST Request"
        }
      ],
      "request": {
        "body": {
          "content": {
            "email": "MaggyKlein@example.com",
            "firstName": "Margeret",
            "id": 123,
            "lastName": "Klein"
          },
          "contentType": "application/json",
          "encoded": false
        },
        "headers": {
          "Content-Type": [
            "application/json"
          ]
        },
        "matchingRules": {
          "body": {
            "$.email": {
              "combine": "AND",
              "matchers": [
                {
                  "match": "type"
                }
              ]
            },
            "$.firstName": {
              "combine": "AND",
              "matchers": [
                {
                  "match": "type"
                }
              ]
            },
            "$.id": {
              "combine": "AND",
              "matchers": [
                {
                  "match": "number"
                }
              ]
            },
            "$.lastName": {
              "combine": "AND",
              "matchers": [
                {
                  "match": "type"
                }
              ]
            }
          }
        },
        "method": "POST",
        "path": "/api/users"
      },
      "response": {
        "body": {
          "content": {
            "email": "MaggyKlein@example.com",
            "firstName": "Margeret",
            "id": 123,
            "lastName": "Klein"
          },
          "contentType": "application/json; charset=UTF-8",
          "encoded": false
        },
        "headers": {
          "Content-Type": [
            "application/json; charset=UTF-8"
          ]
        },
        "matchingRules": {
          "body": {
            "$.email": {
              "combine": "AND",
              "matchers": [
                {
                  "match": "type"
                }
              ]
            },
            "$.firstName": {
              "combine": "AND",
              "matchers": [
                {
                  "match": "type"
                }
              ]
            },
            "$.id": {
              "combine": "AND",
              "matchers": [
                {
                  "match": "number"
                }
              ]
            },
            "$.lastName": {
              "combine": "AND",
              "matchers": [
                {
                  "match": "type"
                }
              ]
            }
          },
          "header": {
            "Content-Type": {
              "combine": "AND",
              "matchers": [
                {
                  "match": "regex",
                  "regex": "application/json(;\\s?charset=[\\w\\-]+)?"
                }
              ]
            }
          }
        },
        "status": 201
      },
      "transport": "http",
      "type": "Synchronous/HTTP"
    }
  ],
  "metadata": {
    "pact-jvm": {
      "version": "4.6.17"
    },
    "pactSpecification": {
      "version": "4.0"
    }
  },
  "provider": {
    "name": "UserProvider"
  }
}