<?xml version="1.0" encoding="UTF-8"?>
<con:soapui-project id="5cc1721c-4eaa-4533-944e-428a76c9a682" created="3.63.0" activeEnvironment="Default environment" encryptionMode="Not encrypted" name="REST Project 3" projectVersion="" updated="3.63.0 2025-10-21T08:28:07Z" xmlns:con="http://eviware.com/soapui/config">
  <con:settings/>
  <con:interface xsi:type="con:RestService" id="950f278b-96dd-4cdd-b131-ea41b2150e49" wadlVersion="http://wadl.dev.java.net/2009/02" name="https://api.github.com" type="rest" xmlns:xsi="http://www.w3.org/2001/XMLSchema-instance">
    <con:settings id="bf669dbc-4dbc-42d3-9276-a8f13526dbc8"/>
    <con:definitionCache type="TEXT" rootPart=""/>
    <con:endpoints>
      <con:endpoint>https://api.github.com</con:endpoint>
    </con:endpoints>
    <con:resource name="Keys" path="/user/keys" id="42190b7a-57f4-45ff-b1ff-86370edfc0f4">
      <con:settings/>
      <con:parameters/>
      <con:method name="Keys" id="e0f6ca84-1a62-4958-aa25-3e81240bce51" method="POST">
        <con:settings/>
        <con:parameters/>
        <con:representation type="REQUEST">
          <con:mediaType>application/json</con:mediaType>
          <con:params/>
        </con:representation>
        <con:representation type="RESPONSE">
          <con:mediaType>application/json; charset=utf-8</con:mediaType>
          <con:status>201</con:status>
          <con:params/>
          <con:element xmlns:keys="https://api.github.com/user/keys">keys:Response</con:element>
        </con:representation>
        <con:request name="Request 1" id="d4e76bba-2ce9-4e8e-98fb-88a5baa7c556" mediaType="application/json">
          <con:settings/>
          <con:endpoint>https://api.github.com</con:endpoint>
          <con:parameters/>
        </con:request>
      </con:method>
    </con:resource>
    <con:resource name="KeyId" path="/user/keys/{keyId}" id="9ad8797b-d426-441b-a73c-be7845ea8603">
      <con:settings/>
      <con:parameters/>
      <con:method name="KeyId" id="db22f0aa-ce98-4eb5-bd7d-59f8845a0c81" method="GET">
        <con:settings/>
        <con:parameters>
          <con:parameter required="true">
            <con:name>keyId</con:name>
            <con:value>keyId</con:value>
            <con:style>TEMPLATE</con:style>
            <con:default>keyId</con:default>
            <con:path xsi:nil="true"/>
            <con:description xsi:nil="true"/>
          </con:parameter>
        </con:parameters>
        <con:representation type="FAULT">
          <con:mediaType>application/json; charset=utf-8</con:mediaType>
          <con:status>404</con:status>
          <con:params/>
          <con:element xmlns:key="https://api.github.com/user/keys/keyId">key:Fault</con:element>
        </con:representation>
        <con:representation type="RESPONSE">
          <con:mediaType>application/json; charset=utf-8</con:mediaType>
          <con:status>200</con:status>
          <con:params/>
          <con:element xmlns:key="https://api.github.com/user/keys/keyId">key:Response</con:element>
        </con:representation>
        <con:request name="Request 1" id="ff2404bb-6dfd-4440-8d71-015edcefe2ad" mediaType="application/json">
          <con:settings/>
          <con:endpoint>https://api.github.com</con:endpoint>
          <con:parameters>
            <con:entry key="keyId" value="keyId"/>
          </con:parameters>
          <con:parameterOrder>
            <con:entry>keyId</con:entry>
          </con:parameterOrder>
        </con:request>
      </con:method>
      <con:method name="KeyId 2" id="bf5be109-899f-4a55-9ec7-2591acf04e07" method="DELETE">
        <con:settings/>
        <con:parameters>
          <con:parameter required="true">
            <con:name>keyId</con:name>
            <con:value>keyId</con:value>
            <con:style>TEMPLATE</con:style>
            <con:default>keyId</con:default>
            <con:path xsi:nil="true"/>
            <con:description xsi:nil="true"/>
          </con:parameter>
        </con:parameters>
        <con:representation type="FAULT">
          <con:mediaType>application/json; charset=utf-8</con:mediaType>
          <con:status>401 404</con:status>
          <con:params/>
          <con:element xmlns:ns="https://api.github.com/user/keys/135548539">ns:Fault</con:element>
        </con:representation>
        <con:representation type="REQUEST">
          <con:mediaType>application/json</con:mediaType>
          <con:params/>
        </con:representation>
        <con:representation type="RESPONSE">
          <con:mediaType xsi:nil="true"/>
          <con:status>204</con:status>
          <con:params/>
          <con:element>data</con:element>
        </con:representation>
        <con:request name="Request 1" id="ebe20e2f-3972-4f3f-a9ef-3db9a253e8c3" mediaType="application/json">
          <con:settings/>
          <con:endpoint>https://api.github.com</con:endpoint>
          <con:parameters>
            <con:entry key="keyId" value="keyId"/>
          </con:parameters>
          <con:parameterOrder>
            <con:entry>keyId</con:entry>
          </con:parameterOrder>
        </con:request>
      </con:method>
    </con:resource>
  </con:interface>
  <con:testSuite id="1fd8f007-7e00-4fb7-83b9-48e71ba49ef4" name="https://api.github.com Test Suite">
    <con:settings id="a18d6102-fecb-43e8-b3b5-040ee3817057"/>
    <con:runType>SEQUENTIAL</con:runType>
    <con:testCase id="ba086d6c-f285-4126-9003-bd3a8741d0ed" discardOkResults="false" failOnError="false" failTestCaseOnErrors="true" keepSession="false" name="Test Case" searchProperties="true" timeout="0">
      <con:settings/>
      <con:testStep type="restrequest" name="POST Request" id="6278ef4c-f797-4a6c-99f9-f10688fc1198">
        <con:settings/>
        <con:config service="https://api.github.com" resourcePath="/user/keys" methodName="Keys" xsi:type="con:RestRequestStep" xmlns:xsi="http://www.w3.org/2001/XMLSchema-instance">
          <con:restRequest name="POST Request" id="d4e76bba-2ce9-4e8e-98fb-88a5baa7c556" mediaType="application/json" postQueryString="false">
            <con:settings>
              <con:setting id="com.eviware.soapui.impl.wsdl.WsdlRequest@request-headers">&lt;xml-fragment/></con:setting>
            </con:settings>
            <con:endpoint>https://api.github.com</con:endpoint>
            <con:request>{ 
    "title": "TestKey",
    "key": "ssh-ed25519 AAAAC3NzaC1lZDI1NTE5AAAAIPtLIpXaLC04RnOs5/8yWqUWAW1svSf7DtvGxErl95xP"
}</con:request>
            <con:originalUri>https://api.github.com/user/keys</con:originalUri>
            <con:assertion type="Valid HTTP Status Codes" id="056998de-0eca-453d-b24b-e554558c988b" name="Valid HTTP Status Codes">
              <con:settings/>
              <con:configuration>
                <codes>201</codes>
              </con:configuration>
            </con:assertion>
            <con:credentials>
              <con:selectedAuthProfile>ProjectToken</con:selectedAuthProfile>
              <con:authType>No Authorization</con:authType>
            </con:credentials>
            <con:jmsConfig JMSDeliveryMode="PERSISTENT"/>
            <con:parameters/>
          </con:restRequest>
        </con:config>
      </con:testStep>
      <con:testStep type="transfer" name="Property Transfer" id="e10a199e-4be6-4264-9030-59583e62cbfd">
        <con:settings/>
        <con:config xsi:type="con:PropertyTransfersStep" xmlns:xsi="http://www.w3.org/2001/XMLSchema-instance">
          <con:transfers setNullOnMissingSource="true" transferTextContent="true" failOnError="true" ignoreEmpty="false" transferToAll="false" entitize="false" transferChildNodes="false">
            <con:name>idTransfer</con:name>
            <con:sourceType>Response</con:sourceType>
            <con:sourceStep>POST Request</con:sourceStep>
            <con:sourcePath>$['id']</con:sourcePath>
            <con:targetType>keyId</con:targetType>
            <con:targetStep>DELETE Request</con:targetStep>
            <con:type>JSONPATH</con:type>
            <con:targetTransferType>JSONPATH</con:targetTransferType>
            <con:upgraded>true</con:upgraded>
          </con:transfers>
        </con:config>
      </con:testStep>
      <con:testStep type="restrequest" name="GET Request" id="2b510c84-d2da-47e1-a2b7-099efd1e15e0">
        <con:settings/>
        <con:config service="https://api.github.com" resourcePath="/user/keys/{keyId}" methodName="KeyId" xsi:type="con:RestRequestStep" xmlns:xsi="http://www.w3.org/2001/XMLSchema-instance">
          <con:restRequest name="GET Request" id="ff2404bb-6dfd-4440-8d71-015edcefe2ad" mediaType="application/json">
            <con:settings>
              <con:setting id="com.eviware.soapui.impl.wsdl.WsdlRequest@request-headers">&lt;xml-fragment/></con:setting>
            </con:settings>
            <con:endpoint>https://api.github.com</con:endpoint>
            <con:request/>
            <con:originalUri>https://api.github.com/user/keys/keyId</con:originalUri>
            <con:assertion type="Valid HTTP Status Codes" id="8455d803-537b-4dcd-a671-1d886165714c" name="Valid HTTP Status Codes">
              <con:settings/>
              <con:configuration>
                <codes>200</codes>
              </con:configuration>
            </con:assertion>
            <con:credentials>
              <con:selectedAuthProfile>ProjectToken</con:selectedAuthProfile>
              <con:authType>No Authorization</con:authType>
            </con:credentials>
            <con:jmsConfig JMSDeliveryMode="PERSISTENT"/>
            <con:parameters>
              <con:entry key="keyId" value="${POST Request#Response#$['id']}"/>
            </con:parameters>
            <con:parameterOrder>
              <con:entry>keyId</con:entry>
            </con:parameterOrder>
          </con:restRequest>
        </con:config>
      </con:testStep>
      <con:testStep type="restrequest" name="DELETE Request" id="dc34f185-8be4-4f3a-b3e2-0f946d97a5af">
        <con:settings/>
        <con:config service="https://api.github.com" resourcePath="/user/keys/{keyId}" methodName="KeyId 2" xsi:type="con:RestRequestStep" xmlns:xsi="http://www.w3.org/2001/XMLSchema-instance">
          <con:restRequest name="DELETE Request" id="ebe20e2f-3972-4f3f-a9ef-3db9a253e8c3" mediaType="application/json" postQueryString="false">
            <con:settings>
              <con:setting id="com.eviware.soapui.impl.wsdl.WsdlRequest@request-headers">&lt;xml-fragment/></con:setting>
            </con:settings>
            <con:endpoint>https://api.github.com</con:endpoint>
            <con:request/>
            <con:originalUri>https://api.github.com/user/keys/135548539</con:originalUri>
            <con:assertion type="Valid HTTP Status Codes" id="47487515-1605-463c-8352-c3e552bdba95" name="Valid HTTP Status Codes">
              <con:settings/>
              <con:configuration>
                <codes>204</codes>
              </con:configuration>
            </con:assertion>
            <con:credentials>
              <con:selectedAuthProfile>ProjectToken</con:selectedAuthProfile>
              <con:authType>No Authorization</con:authType>
            </con:credentials>
            <con:jmsConfig JMSDeliveryMode="PERSISTENT"/>
            <con:parameters>
              <con:entry key="keyId" value="135550596"/>
            </con:parameters>
            <con:parameterOrder>
              <con:entry>keyId</con:entry>
            </con:parameterOrder>
          </con:restRequest>
        </con:config>
      </con:testStep>
      <con:properties/>
      <con:reportParameters/>
    </con:testCase>
    <con:properties/>
    <con:reportParameters/>
  </con:testSuite>
  <con:requirements/>
  <con:properties/>
  <con:wssContainer/>
  <con:databaseConnectionContainer/>
  <con:jmsConnectionContainer/>
  <con:oAuth2ProfileContainer>
    <con:oAuth2Profile>
      <con:name>ProjectToken</con:name>
      <con:type>OAuth 2.0</con:type>
      <con:accessToken>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</con:accessToken>
      <con:accessTokenPosition>HEADER</con:accessTokenPosition>
      <con:accessTokenStatus>ENTERED_MANUALLY</con:accessTokenStatus>
      <con:accessTokenStartingStatus>ENTERED_MANUALLY</con:accessTokenStartingStatus>
      <con:oAuth2Flow>AUTHORIZATION_CODE_GRANT</con:oAuth2Flow>
      <con:refreshAccessTokenMethod>AUTOMATIC</con:refreshAccessTokenMethod>
      <con:jwtConfiguration/>
      <con:responseType>id_token</con:responseType>
    </con:oAuth2Profile>
  </con:oAuth2ProfileContainer>
  <con:oAuth1ProfileContainer/>
  <con:reporting>
    <con:xmlTemplates/>
    <con:parameters/>
  </con:reporting>
  <con:eventHandlers type="RequestFilter.filterRequest" name="RequestFilter.filterRequest">
    <con:script>// Sample event script to add custom HTTP header to all outgoing REST, SOAP and HTTP(S) calls
// This code is often used for adding custom authentication to ReadyAPI functional tests

// If hardcoding the token, uncomment and change line 5
// token = '4567'

// If your token is parameterized in Project level custom property, uncomment line 8
// token = request.parent.testCase.testSuite.project.getProperty('auth_token').getValue()

// To modify all outgoing calls, remove comments from lines 11 to 16
// headers = request.requestHeaders
// if (headers.containsKey('auth_token2') == false) {
//   headers.put('auth_token2', token)
//   request.requestHeaders = headers
// }</con:script>
  </con:eventHandlers>
  <con:eventHandlers type="TestRunListener.afterStep" name="TestRunListener.afterStep">
    <con:script>// Save all test step results into files
// Change the directory path in line 5 to a location where you want to store details
// then uncomment lines 5 to 10

// filePath = 'C:\\tempOutputDirectory\\'
// fos = new java.io.FileOutputStream(filePath + testStepResult.testStep.label + '.txt', true)
// pw = new java.io.PrintWriter(fos)
// testStepResult.writeTo(pw)
// pw.close()
// fos.close()</con:script>
  </con:eventHandlers>
  <con:authRepository>
    <con:oAuth20AuthEntry>
      <con:name>ProjectToken</con:name>
      <con:type>OAuth 2.0</con:type>
      <con:accessToken>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</con:accessToken>
      <con:accessTokenPosition>HEADER</con:accessTokenPosition>
      <con:accessTokenStatus>ENTERED_MANUALLY</con:accessTokenStatus>
      <con:accessTokenStartingStatus>ENTERED_MANUALLY</con:accessTokenStartingStatus>
      <con:oAuth2Flow>AUTHORIZATION_CODE_GRANT</con:oAuth2Flow>
      <con:refreshAccessTokenMethod>AUTOMATIC</con:refreshAccessTokenMethod>
      <con:jwtConfiguration/>
      <con:responseType>id_token</con:responseType>
    </con:oAuth20AuthEntry>
  </con:authRepository>
  <con:tags/>
</con:soapui-project>