<?xml version="1.0" encoding="UTF-8"?>
<con:soapui-project id="ca3590e9-65ee-44cb-be0d-e338a0eb35ce" created="3.61.0" activeEnvironment="Default environment" encryptionMode="Not encrypted" name="REST Project Activity 6" projectVersion="" updated="3.61.0 2025-06-17T10:42:49Z" xmlns:con="http://eviware.com/soapui/config">
  <con:settings/>
  <con:interface xsi:type="con:RestService" id="451ddebb-b64f-4247-9832-c5d98b60f035" wadlVersion="http://wadl.dev.java.net/2009/02" name="http://ipwhois.app" type="rest" xmlns:xsi="http://www.w3.org/2001/XMLSchema-instance">
    <con:settings id="bdeac9eb-153b-4641-bdc6-4423346ecf2f"/>
    <con:definitionCache type="TEXT" rootPart=""/>
    <con:endpoints>
      <con:endpoint>http://ipwhois.app</con:endpoint>
    </con:endpoints>
    <con:resource name="IP" path="/json/{IP}" id="e20ef04b-136c-439f-93e3-5df52855bec0">
      <con:settings/>
      <con:parameters/>
      <con:method name="IP" id="60fc034c-523e-484f-8594-0a885c5c1b96" method="GET">
        <con:settings/>
        <con:parameters>
          <con:parameter required="true">
            <con:name>IP</con:name>
            <con:value>IP</con:value>
            <con:style>TEMPLATE</con:style>
            <con:default>IP</con:default>
            <con:path xsi:nil="true"/>
            <con:description xsi:nil="true"/>
          </con:parameter>
        </con:parameters>
        <con:representation type="RESPONSE">
          <con:mediaType>application/json; charset=utf-8</con:mediaType>
          <con:status>200</con:status>
          <con:params/>
          <con:element xmlns:ns="http://ipwhois.app/json/111.114.201.24">ns:Response</con:element>
        </con:representation>
        <con:request name="Request 1" id="bab21558-775f-46c9-bd83-a687144eec51" mediaType="application/json">
          <con:settings/>
          <con:endpoint>http://ipwhois.app</con:endpoint>
          <con:parameters>
            <con:entry key="IP" value="IP"/>
          </con:parameters>
          <con:parameterOrder>
            <con:entry>IP</con:entry>
          </con:parameterOrder>
        </con:request>
      </con:method>
    </con:resource>
  </con:interface>
  <con:testSuite id="1e1e38ac-9faf-4c8c-8971-d72eb4ac47e1" name="http://ipwhois.app Test Suite">
    <con:settings id="dda32314-fdd1-4e1f-8575-1200bb49d098"/>
    <con:runType>SEQUENTIAL</con:runType>
    <con:testCase id="b7771ddd-7fe7-431f-9e09-eb6e8c065de9" discardOkResults="false" failOnError="false" failTestCaseOnErrors="true" keepSession="false" name="http://ipwhois.app Test Case 1" searchProperties="true" timeout="0">
      <con:settings/>
      <con:testStep type="datasource" name="Data Source" id="76273fdb-9b1d-436f-8fbd-541e2d53ffaa">
        <con:settings/>
        <con:config xsi:type="con:DataSourceStep" xmlns:xsi="http://www.w3.org/2001/XMLSchema-instance">
          <con:dataSource type="Data Generator">
            <con:configuration>
              <generatedDataCount>10</generatedDataCount>
              <generatorsTotalNumber>1</generatorsTotalNumber>
              <lastSelectedProperty>0</lastSelectedProperty>
              <GeneratorType0>COMP</GeneratorType0>
              <PropertyName0>IP</PropertyName0>
              <repetitionCountIP>0</repetitionCountIP>
              <repeatValuesIP>false</repeatValuesIP>
              <ComputerAddressTypeIP>IPv4</ComputerAddressTypeIP>
              <escapeSpaceSequence/>
            </con:configuration>
          </con:dataSource>
          <con:shared>false</con:shared>
          <con:restartShared>false</con:restartShared>
          <con:property>IP</con:property>
          <con:restartOnRun>true</con:restartOnRun>
          <con:stopDatasourceExhausted>false</con:stopDatasourceExhausted>
        </con:config>
      </con:testStep>
      <con:testStep type="restrequest" name="Request 1" id="0b8bf063-80b0-48a0-8ace-82c717473e9a">
        <con:settings/>
        <con:config service="http://ipwhois.app" resourcePath="/json/{IP}" methodName="IP" xsi:type="con:RestRequestStep" xmlns:xsi="http://www.w3.org/2001/XMLSchema-instance">
          <con:restRequest name="Request 1" id="bab21558-775f-46c9-bd83-a687144eec51" mediaType="application/json">
            <con:settings>
              <con:setting id="com.eviware.soapui.impl.wsdl.WsdlRequest@request-headers">&lt;xml-fragment/></con:setting>
            </con:settings>
            <con:endpoint>http://ipwhois.app</con:endpoint>
            <con:request/>
            <con:originalUri>http://ipwhois.app/json/111.114.201.24</con:originalUri>
            <con:assertion type="Valid HTTP Status Codes" id="1362c639-3e52-4c9b-8cd0-c682451f5edc" name="Valid HTTP Status Codes">
              <con:settings/>
              <con:configuration>
                <codes>200</codes>
              </con:configuration>
            </con:assertion>
            <con:assertion type="JsonPath Match" id="b2354152-19fb-45b9-82c1-5a4388c8db62" name="JSONPath Match">
              <con:configuration>
                <path>$['country']</path>
                <content>"China"</content>
                <allowWildcards>false</allowWildcards>
                <ignoreNamspaceDifferences>false</ignoreNamspaceDifferences>
                <ignoreComments>false</ignoreComments>
              </con:configuration>
            </con:assertion>
            <con:credentials>
              <con:selectedAuthProfile>No Authorization</con:selectedAuthProfile>
              <con:authType>No Authorization</con:authType>
            </con:credentials>
            <con:jmsConfig JMSDeliveryMode="PERSISTENT"/>
            <con:parameters>
              <con:entry key="IP" value="${Data Source#IP}"/>
            </con:parameters>
            <con:parameterOrder>
              <con:entry>IP</con:entry>
            </con:parameterOrder>
          </con:restRequest>
        </con:config>
      </con:testStep>
      <con:testStep type="datasink" name="Data Sink" id="f8b6ac2e-8260-46a3-8c32-1a74b1ed2308">
        <con:settings/>
        <con:config xsi:type="con:DataSinkStep" xmlns:xsi="http://www.w3.org/2001/XMLSchema-instance">
          <con:dataSink type="JDBC">
            <con:configuration>
              <driver>com.mysql.jdbc.Driver</driver>
              <connstr>jdbc:mysql://db4free.net:3306/fstm1db?user=fstm1db&amp;password=PASS_VALUE</connstr>
              <pass>6Y6NowPybq</pass>
              <Connection>Test JDBC( Default environment )</Connection>
              <query/>
              <stored-procedure>false</stored-procedure>
            </con:configuration>
          </con:dataSink>
          <con:properties/>
        </con:config>
      </con:testStep>
      <con:testStep type="datasourceloop" name="Data Source Loop" id="3f71b9b9-1be3-45f5-882d-0206cb3a5c6a">
        <con:settings/>
        <con:config>
          <dataSourceStep>Data Source</dataSourceStep>
          <targetStep>Request 1</targetStep>
          <discardResults>true</discardResults>
        </con:config>
      </con:testStep>
      <con:properties/>
      <con:reportParameters/>
    </con:testCase>
    <con:properties/>
    <con:reportParameters/>
  </con:testSuite>
  <con:properties/>
  <con:wssContainer/>
  <con:databaseConnectionContainer>
    <con:databaseConnection>
      <con:name>Test JDBC</con:name>
      <con:driver>com.mysql.jdbc.Driver</con:driver>
      <con:connectionString>jdbc:mysql://db4free.net:3306/fstm1db?user=fstm1db&amp;password=PASS_VALUE</con:connectionString>
      <con:password>6Y6NowPybq</con:password>
      <con:connectionProperties/>
    </con:databaseConnection>
    <con:databaseConnection>
      <con:name>JDBC</con:name>
      <con:driver>com.mysql.jdbc.Driver</con:driver>
      <con:connectionString>jdbc:mysql://db4free.net:3306/fstm1db?user=fstm1db&amp;password=PASS_VALUE</con:connectionString>
      <con:password>6Y6NowPybq</con:password>
      <con:connectionProperties/>
    </con:databaseConnection>
  </con:databaseConnectionContainer>
  <con:jmsConnectionContainer/>
  <con:oAuth2ProfileContainer/>
  <con:oAuth1ProfileContainer/>
  <con:reporting>
    <con:xmlTemplates/>
    <con:parameters/>
  </con:reporting>
  <con:eventHandlers type="RequestFilter.filterRequest" name="RequestFilter.filterRequest">
    <con:script>// Sample event script to add custom HTTP header to all outgoing REST, SOAP and HTTP(S) calls
// This code is often used for adding custom authentication to ReadyAPI functional tests

// If hardcoding the token, uncomment and change line 5
// token = '4567'

// If your token is parameterized in Project level custom property, uncomment line 8
// token = request.parent.testCase.testSuite.project.getProperty('auth_token').getValue()

// To modify all outgoing calls, remove comments from lines 11 to 16
// headers = request.requestHeaders
// if (headers.containsKey('auth_token2') == false) {
//   headers.put('auth_token2', token)
//   request.requestHeaders = headers
// }</con:script>
  </con:eventHandlers>
  <con:eventHandlers type="TestRunListener.afterStep" name="TestRunListener.afterStep">
    <con:script>// Save all test step results into files
// Change the directory path in line 5 to a location where you want to store details
// then uncomment lines 5 to 10

// filePath = 'C:\\tempOutputDirectory\\'
// fos = new java.io.FileOutputStream(filePath + testStepResult.testStep.label + '.txt', true)
// pw = new java.io.PrintWriter(fos)
// testStepResult.writeTo(pw)
// pw.close()
// fos.close()</con:script>
  </con:eventHandlers>
  <con:authRepository/>
  <con:tags/>
</con:soapui-project>